ticker,entry_date,exit_date,entry_price,exit_price,holding_days,trade_return
BAC,2014-02-20,2014-04-17,16.3,16.15,41,-0.0030864197530859894
FB,2014-03-04,2014-04-09,68.8,62.41,27,-0.0741729713692334
MSFT,2014-03-05,2014-04-02,38.11,41.35,21,0.0765425670398332
JPM,2014-03-06,2014-04-25,58.9,55.7,36,-0.042297111416781386
NFLX,2014-03-11,2014-04-03,62.4971,50.6699,18,-0.19379505774869976
GOOGL,2014-03-12,2014-04-03,604.2536,571.5,17,-0.048443626736819234
AAPL,2014-03-31,2014-05-01,76.6771,84.4971,23,0.10174041844102999
MSFT,2014-04-07,2014-07-18,39.8,44.69,72,0.12089290193127655
GE,2014-04-09,2014-07-10,25.95,26.2,64,0.01747572815533971
XOM,2014-05-16,2014-06-23,100.74,104.38,26,0.03572137328835079
FB,2014-06-10,2014-06-18,65.77,65.6,7,0.043256997455470625
GOOGL,2014-06-11,2014-07-01,567.5,591.49,15,0.04080591237022735
C,2014-06-17,2014-07-10,47.79,46.9,17,-0.015533165407220828
AMZN,2014-06-20,2014-07-18,324.2,358.66,20,0.09681957186544343
FB,2014-06-20,2014-08-04,64.5,73.51,31,0.14249745498628408
AAPL,2014-06-23,2014-07-03,90.83,94.03,9,0.0343196568034323
GOOG,2014-06-25,2014-07-01,578.65,582.67,5,0.031968403528036315
JPM,2014-06-25,2014-07-23,57.53,59.0,20,0.027516544757923533
NFLX,2014-06-25,2014-06-25,63.4585,63.4585,1,0.017989287278362243
XOM,2014-06-25,2014-08-11,102.14,98.73,33,-0.03893701937116767
BAC,2014-06-30,2014-08-11,15.37,15.22,30,-0.0071754729288973085
NFLX,2014-07-08,2014-08-25,63.5785,68.7042,35,0.044092348653856916
GOOG,2014-07-09,2014-07-11,576.08,579.18,3,0.0141658932917752
GOOGL,2014-07-09,2014-07-11,583.36,586.65,3,0.014263485477178373
C,2014-07-16,2014-07-23,49.82,50.18,6,0.01805640089267624
AAPL,2014-07-17,2014-08-21,93.0899,100.58,26,0.06119434479848063
GOOG,2014-07-18,2014-08-04,595.08,573.15,12,-0.0010107543636825866
GOOGL,2014-07-18,2014-08-04,605.11,582.27,12,0.0024964705072136884
AMZN,2014-07-28,2014-08-04,320.41,313.65,6,-0.03197432178019188
MSFT,2014-07-29,2014-08-21,43.885,45.22,18,0.02842847395951753
JPM,2014-07-30,2014-08-22,58.91,58.49,18,-0.0025579809004099285
C,2014-08-01,2014-08-29,48.1,51.65,21,0.056021263545287914
FB,2014-08-06,2014-08-25,72.47,75.02,14,0.03205392763791437
GOOG,2014-08-06,2014-08-08,566.374,568.77,3,0.006547861326914983
GOOGL,2014-08-06,2014-08-08,574.49,577.94,3,0.008374917123216141
AMZN,2014-08-14,2014-08-15,333.21,333.63,2,0.022526664214784997
GOOG,2014-08-19,2014-10-03,586.86,575.28,33,-0.011818056891575668
GOOGL,2014-08-19,2014-10-03,597.11,586.25,33,-0.010882402564534988
FB,2014-08-28,2014-10-15,73.855,73.21,34,-0.019027200857564153
AAPL,2014-09-04,2014-09-09,98.12,97.99,4,-0.009601778855872323
BAC,2014-09-04,2014-09-29,16.11,17.01,18,0.0565217391304349
MSFT,2014-09-04,2014-09-19,45.26,47.52,12,0.05693950177935925
NFLX,2014-09-05,2014-09-08,67.9542,68.4756,2,0.014089763373724029
AMZN,2014-09-09,2014-09-25,329.75,321.93,13,-0.059619092130630436
C,2014-09-10,2014-10-28,51.83,52.44,35,0.023019898556378537
JPM,2014-09-10,2014-10-16,59.22,55.08,27,-0.06738909583474428
NFLX,2014-09-10,2014-09-16,69.1985,65.2728,5,-0.04613626499527246
AAPL,2014-09-11,2014-10-27,101.43,105.11,33,0.04069306930693095
GE,2014-09-18,2014-09-25,26.21,25.55,6,-0.027407689379520317
NFLX,2014-09-18,2014-10-10,65.5728,64.5828,17,-0.005390188009757324
MSFT,2014-09-24,2014-10-22,47.08,44.38,21,-0.046821305841924565
BAC,2014-10-02,2014-10-06,16.88,17.29,3,0.027942925089179393
BAC,2014-10-08,2014-12-05,17.12,17.68,42,0.04739336492890911
GOOGL,2014-10-08,2014-10-08,583.74,583.74,1,0.016791499738721516
FB,2014-10-20,2014-11-04,76.95,75.76,12,-0.0025016458196183144
JPM,2014-10-20,2014-10-22,56.63,57.45,3,0.022241992882562123
FB,2014-11-12,2014-11-17,74.72,74.24,4,-0.004959120761292346
JPM,2014-11-14,2015-01-16,60.28,55.93,43,-0.07139299352482187
MSFT,2014-11-20,2015-01-07,48.7,46.23,32,-0.04126918291165527
XOM,2014-11-20,2014-12-01,95.82,92.35,7,-0.03409685179374544
C,2014-11-24,2014-12-03,54.4,55.21,7,0.02888557584793161
GE,2014-12-01,2014-12-24,26.02,25.83,18,-0.02491506228765583
AAPL,2014-12-02,2014-12-17,114.63,109.41,12,-0.049187451116711856
AMZN,2014-12-02,2014-12-09,326.31,312.5,6,-0.04141104294478526
XOM,2014-12-03,2014-12-10,94.95,88.67,6,-0.05860494744665046
BAC,2014-12-09,2015-01-20,17.56,15.26,28,-0.1359003397508488
C,2014-12-11,2015-01-09,54.51,50.78,20,-0.06774371213511998
AMZN,2014-12-16,2014-12-17,295.06,298.88,2,-0.02349135818603587
AAPL,2014-12-19,2015-01-12,111.78,109.25,15,-0.03018197958277824
AMZN,2014-12-19,2014-12-24,299.9,303.03,4,0.017801363651630542
FB,2014-12-23,2015-01-28,80.61,76.24,24,-0.063965623081645
FB,2015-02-02,2015-02-03,74.99,75.4,2,-0.006718482413384241
GOOG,2015-02-18,2015-02-26,539.7,555.48,7,0.0232849458403952
GOOGL,2015-02-18,2015-02-19,542.65,546.45,2,0.002642153354984522
GOOGL,2015-02-24,2015-02-26,538.65,559.29,3,0.04540186915887845
NFLX,2015-03-10,2015-03-12,62.1514,64.0457,3,0.006036625019242514
FB,2015-03-11,2015-03-19,77.57,82.75,7,0.06705351386202496
GE,2015-03-11,2015-04-13,25.19,27.63,23,0.09773539928486241
GOOG,2015-03-11,2015-03-12,551.18,555.51,2,0.000900884668744828
GOOGL,2015-03-11,2015-03-12,555.69,561.17,2,0.0023577744038580928
AAPL,2015-03-12,2015-03-12,124.45,124.45,1,0.018079188481675557
NFLX,2015-03-16,2015-03-25,60.2814,60.2499,8,-0.03797951411897149
C,2015-03-18,2015-04-16,53.72,54.02,21,0.0033432392273404776
AAPL,2015-03-19,2015-03-26,127.495,124.24,6,-0.03292597493578264
AMZN,2015-03-19,2015-03-27,373.24,370.56,7,-0.012195609580550992
GOOGL,2015-03-23,2015-03-23,565.37,565.37,1,0.0007434286220018294
FB,2015-03-24,2015-03-25,85.31,82.92,2,-0.017884638161790978
JPM,2015-03-25,2015-04-14,59.61,63.04,14,0.04267284154813056
NFLX,2015-03-27,2015-04-02,59.2528,59.1542,5,-0.009994744893006446
AAPL,2015-03-30,2015-03-30,126.37,126.37,1,0.02531440162271803
AAPL,2015-04-01,2015-04-27,124.25,132.65,18,0.06606123925098406
FB,2015-04-01,2015-04-06,81.665,82.44,3,0.002736726874657869
GOOG,2015-04-02,2015-04-06,535.53,536.765,2,-0.010680846358006257
GOOGL,2015-04-02,2015-04-07,541.31,544.86,3,-0.00842599501355823
AMZN,2015-04-07,2015-04-20,374.41,389.51,10,0.03307341396138308
GOOG,2015-04-10,2015-04-16,540.01,533.8,5,-0.012907282074041349
GOOGL,2015-04-10,2015-04-16,548.54,543.52,5,-0.008211379146746411
GE,2015-04-15,2015-04-22,27.46,26.91,6,-0.029570861882437738
GOOG,2015-04-20,2015-04-20,535.38,535.38,1,0.02162007442037983
GOOGL,2015-04-20,2015-04-20,544.53,544.53,1,0.022130870593535246
FB,2015-04-29,2015-05-12,80.465,77.46,10,-0.03991075855230575
AMZN,2015-04-30,2015-05-01,421.78,422.87,2,-0.015138458672007804
AAPL,2015-05-06,2015-06-24,125.01,128.11,35,0.01836248012718622
C,2015-05-07,2015-06-03,53.31,55.63,19,0.053199545626656075
XOM,2015-05-14,2015-06-08,86.97,84.85,17,-0.019755083179297084
AMZN,2015-05-15,2015-05-18,426.0,425.24,2,-0.01628574072360489
GE,2015-05-20,2015-05-20,27.64,27.64,1,0.010603290676416854
MSFT,2015-05-22,2015-06-19,46.9,46.1,20,-0.02783635596794609
BAC,2015-05-28,2015-06-03,16.67,16.93,5,0.011350059737156748
JPM,2015-05-28,2015-06-05,66.2,67.42,7,0.014292161877538678
GE,2015-05-29,2015-06-19,27.27,27.24,16,-0.01411509229098784
AMZN,2015-06-08,2015-06-19,423.5,434.92,10,0.018667291251902807
C,2015-06-17,2015-07-23,56.54,59.87,26,0.0490625547573158
JPM,2015-06-17,2015-06-18,68.14,68.78,2,0.005996782214421348
AMZN,2015-06-23,2015-07-14,445.99,465.57,15,0.06711132503609973
BAC,2015-06-23,2015-07-15,17.67,17.68,16,0.012020606754435947
GE,2015-06-23,2015-07-02,27.55,26.78,8,-0.023340627279358372
MSFT,2015-06-23,2015-06-30,45.91,44.15,6,-0.04499242915855506
AAPL,2015-06-26,2015-06-26,126.75,126.75,1,-0.00588235294117645
JPM,2015-06-29,2015-08-21,67.2,63.6,39,-0.07759245830311845
GOOGL,2015-06-30,2015-07-14,540.04,584.18,10,0.07931639722863726
NFLX,2015-06-30,2015-09-01,93.8485,105.79,45,0.147007577687835
FB,2015-07-13,2015-07-17,90.1,94.97,5,0.07981807845366662
BAC,2015-07-29,2015-08-26,18.16,16.06,21,-0.10178970917226005
C,2015-07-29,2015-08-26,58.92,52.28,21,-0.10433441836559842
GOOGL,2015-08-04,2015-08-26,661.28,659.74,17,-0.007491876278733711
FB,2015-08-05,2015-09-08,96.44,89.53,24,-0.04816074845843055
GOOG,2015-08-06,2015-08-26,642.68,628.62,15,-0.023548417161141977
MSFT,2015-08-07,2015-08-28,46.74,43.93,16,-0.0577005577005576
AMZN,2015-08-20,2015-08-26,515.78,500.77,5,-0.06032800420325757
GOOG,2015-08-28,2015-09-18,630.38,629.25,15,-0.013111463120089262
GOOGL,2015-08-28,2015-09-08,659.69,643.88,7,-0.03605006287801671
AMZN,2015-08-31,2015-09-14,512.89,521.38,10,0.00650566591378543
NFLX,2015-09-03,2015-09-15,101.06,99.16,8,-0.059559939301972564
GOOGL,2015-09-10,2015-09-17,651.08,671.67,6,0.0439222268848789
GOOG,2015-09-28,2015-09-29,594.89,594.97,2,-0.027779139500302308
GOOGL,2015-09-28,2015-09-29,624.25,622.61,2,-0.027399828165273643
AMZN,2015-09-29,2015-10-06,496.07,537.48,6,0.06630163075824314
FB,2015-10-12,2015-10-20,94.26,97.0,7,0.04032604032604015
GE,2015-10-15,2015-10-15,28.03,28.03,1,0.015579710144927539
FB,2015-10-22,2015-10-30,99.67,101.97,7,0.05004633920296553
XOM,2015-10-23,2015-10-30,82.98,82.74,6,-0.0018096272167935634
GOOGL,2015-10-26,2015-10-27,731.12,732.82,2,0.01875356234273573
GOOG,2015-11-02,2015-11-06,721.11,733.76,5,0.0322871090727479
AAPL,2015-11-03,2015-11-25,122.57,118.03,17,-0.025994388512956323
BAC,2015-11-04,2015-11-09,17.01,17.68,4,0.029103608847496965
C,2015-11-04,2015-11-09,53.83,55.71,4,0.028618906942392996
FB,2015-11-04,2015-11-04,103.94,103.94,1,0.013257945018522177
JPM,2015-11-06,2015-11-27,68.46,67.17,15,0.010987357013847232
XOM,2015-11-10,2015-11-27,82.35,81.23,13,-0.008785845027455608
BAC,2015-11-11,2015-11-27,17.75,17.48,12,-0.020728291316526537
FB,2015-11-11,2015-11-27,109.01,105.45,12,-0.02279677509035305
MSFT,2015-11-12,2015-11-27,53.32,53.93,11,0.005219012115563748
GOOG,2015-11-13,2015-11-16,717.0,728.96,2,-0.00310435840980261
GOOGL,2015-11-13,2015-11-16,740.07,750.42,2,-0.008076348591595894
C,2015-11-16,2015-11-25,53.69,54.08,8,0.017114914425427452
NFLX,2015-11-16,2015-11-19,111.35,120.22,4,0.15986493005306324
AMZN,2015-11-18,2015-11-27,663.54,673.26,7,0.046572361262241735
GOOG,2015-11-18,2015-11-18,740.0,740.0,1,0.020267475527367962
GOOGL,2015-11-18,2015-11-18,760.01,760.01,1,0.018807474731225904
NFLX,2015-11-27,2015-12-03,125.44,126.81,5,0.0213434278350515
FB,2015-12-01,2015-12-18,107.12,104.04,14,-0.0019186492709132308
GE,2015-12-01,2015-12-24,30.17,30.83,18,0.029726118904475518
GOOGL,2015-12-01,2015-12-04,783.79,779.21,4,0.021445893688143203
BAC,2015-12-02,2015-12-16,17.62,17.75,11,-0.003368893879842738
AAPL,2015-12-03,2015-12-21,115.2,107.33,13,-0.07696938424492616
C,2015-12-03,2015-12-24,53.51,52.71,16,-0.026413003324713635
XOM,2015-12-03,2015-12-11,78.41,74.34,7,-0.06549340037712148
AMZN,2015-12-04,2015-12-04,672.64,672.64,1,0.009590994371482253
JPM,2015-12-04,2015-12-24,67.89,66.6,15,0.012158054711246091
AMZN,2015-12-08,2015-12-16,677.33,675.77,7,0.008867921711479099
GOOGL,2015-12-10,2015-12-16,760.04,776.59,5,0.018411907415907258
NFLX,2015-12-10,2016-01-14,122.91,107.06,24,-0.13800322061191594
GOOG,2015-12-11,2015-12-16,738.87,758.09,4,0.011514957436020712
MSFT,2015-12-14,2015-12-18,55.14,54.13,5,0.0012948575656677175
AMZN,2015-12-18,2015-12-18,664.14,664.14,1,-0.00970700067099084
GOOG,2015-12-18,2015-12-24,739.31,748.4,5,-0.0013743778605075363
GOOGL,2015-12-18,2015-12-24,756.85,765.84,5,-0.005182962472234154
FB,2015-12-24,2015-12-24,105.02,105.02,1,0.003727420433909945
BAC,2016-01-04,2016-01-06,16.43,16.08,3,-0.044563279857397387
FB,2016-01-04,2016-01-11,102.22,97.51,6,-0.06831645327727875
JPM,2016-01-04,2016-01-07,63.62,60.27,4,-0.08723307587460238
MSFT,2016-01-04,2016-01-19,54.8,50.56,11,-0.08868060562364832
AMZN,2016-01-05,2016-01-15,633.79,570.18,9,-0.10488390712570073
GOOG,2016-01-06,2016-01-20,743.62,698.45,10,-0.05942794042392752
GOOGL,2016-01-06,2016-01-19,759.33,719.08,9,-0.05574304360957527
GE,2016-01-07,2016-01-15,28.97,28.49,7,-0.05818181818181822
XOM,2016-02-26,2016-03-07,81.75,84.46,7,0.02987440556029708
FB,2016-03-01,2016-03-29,109.82,116.14,20,0.0862326973438079
XOM,2016-03-09,2016-03-18,82.4,84.2,8,0.019000363064262338
GE,2016-03-11,2016-03-28,30.34,31.49,11,0.051770207080828134
GOOGL,2016-03-23,2016-04-13,757.56,771.91,15,0.015604236563384166
AAPL,2016-03-24,2016-03-30,105.67,109.56,4,0.03231885423537162
GOOG,2016-03-24,2016-04-15,735.3,759.0,16,0.02837167709942312
XOM,2016-03-24,2016-05-10,83.98,90.0,33,0.07462686567164156
C,2016-03-30,2016-04-13,41.88,44.25,11,0.06064237775647152
JPM,2016-03-30,2016-04-12,59.71,59.28,10,0.004235134677282648
AMZN,2016-04-04,2016-04-14,593.19,620.75,9,0.03717627401837942
AAPL,2016-04-06,2016-05-06,110.96,92.72,23,-0.15563245606046794
BAC,2016-04-06,2016-04-13,13.27,13.79,6,0.045489006823350664
FB,2016-04-06,2016-04-29,113.71,117.58,18,0.04776332204598166
GE,2016-04-06,2016-05-16,30.9,29.96,29,-0.03292446739832133
MSFT,2016-04-06,2016-04-18,55.12,56.46,9,0.03482404692082097
NFLX,2016-04-06,2016-04-12,104.83,106.98,5,0.019439679817038424
NFLX,2016-04-20,2016-05-06,96.77,90.84,13,-0.0370998516005937
JPM,2016-04-22,2016-05-24,63.97,64.54,23,0.01477987421383653
GOOG,2016-04-25,2016-05-11,723.15,715.29,13,-0.004841604407529454
GOOGL,2016-04-25,2016-05-10,742.21,739.38,12,0.0021822519213303693
MSFT,2016-04-25,2016-05-06,52.11,50.39,10,-0.026844341444573372
AMZN,2016-04-26,2016-05-03,616.88,671.32,6,0.07205365697860122
C,2016-04-26,2016-05-23,47.1,45.11,20,-0.03384022274577003
BAC,2016-04-29,2016-05-24,14.56,14.68,18,-0.007437457741717335
FB,2016-05-06,2016-06-29,119.49,114.16,38,-0.030982089805618562
AMZN,2016-05-09,2016-05-31,679.75,722.79,16,0.07246828399732896
XOM,2016-05-16,2016-06-07,89.57,90.71,16,0.023122039251071813
BAC,2016-05-27,2016-06-22,14.88,13.61,18,-0.07414965986394562
C,2016-05-27,2016-05-27,46.58,46.58,1,0.010193016699197477
JPM,2016-06-03,2016-06-30,64.64,62.15,20,-0.055614648229751706
AMZN,2016-06-08,2016-07-01,726.64,725.68,18,0.00268052062895463
C,2016-06-09,2016-06-21,45.01,42.92,9,-0.057945566286216055
XOM,2016-06-13,2016-06-29,90.59,92.46,13,0.027561680373415998
NFLX,2016-06-20,2016-06-24,93.8,88.44,5,-0.06363155108523033
XOM,2016-07-08,2016-07-12,93.54,94.95,3,0.021407056798623314
AMZN,2016-07-13,2016-08-01,742.63,767.74,14,0.02610229748332693
XOM,2016-07-14,2016-08-10,94.95,86.41,20,-0.08927065767284992
MSFT,2016-07-20,2016-07-20,55.91,55.91,1,0.05311734789979261
GE,2016-07-21,2016-08-03,32.59,31.13,10,-0.05033557046979864
AAPL,2016-07-25,2016-07-28,97.34,104.34,4,0.057571457530914305
GOOG,2016-07-26,2016-11-18,738.42,760.54,83,0.028076293983265943
GOOGL,2016-07-26,2016-08-17,757.65,805.42,17,0.06323265392332855
FB,2016-07-28,2016-08-01,125.0,124.31,3,0.007864439760012942
MSFT,2016-07-28,2016-08-05,56.21,57.96,7,0.03150026695141506
BAC,2016-08-03,2016-08-05,14.48,15.05,3,0.065109695682944
FB,2016-08-03,2016-08-29,122.51,126.54,19,0.02802827199610003
JPM,2016-08-03,2016-08-03,64.66,64.66,1,0.01586802827965439
AMZN,2016-08-09,2016-08-26,768.31,769.0,14,0.0031830515549990945
BAC,2016-08-11,2016-08-11,14.88,14.88,1,0.004726536124240344
JPM,2016-08-11,2016-08-29,65.46,66.95,13,0.025582107843137303
GE,2016-08-12,2016-08-29,31.24,31.36,12,0.0022371364653244186
BAC,2016-08-15,2016-08-16,15.02,15.17,2,0.017437961099932897
C,2016-08-15,2016-08-16,46.39,46.62,2,0.022817025010969605
MSFT,2016-08-17,2016-10-24,57.56,61.0,48,0.06197771587743661
AAPL,2016-08-23,2016-09-15,108.85,115.57,17,0.06506312782232082
C,2016-08-24,2016-08-30,46.66,47.9,5,0.028117621807254745
GOOGL,2016-08-25,2016-09-07,791.3,807.99,9,0.018132560483870686
NFLX,2016-08-25,2016-09-06,97.32,100.09,8,0.051586467745324605
AMZN,2016-08-31,2016-10-24,769.16,838.09,38,0.09186013184293396
BAC,2016-09-07,2016-10-05,15.7,16.11,21,0.02091254752851701
JPM,2016-09-08,2016-11-10,67.25,76.65,46,0.14130434782608714
NFLX,2016-09-08,2016-10-03,99.66,102.63,18,0.035098335854765406
C,2016-09-12,2016-11-07,47.79,49.82,41,0.0561797752808999
FB,2016-09-14,2016-10-24,127.77,133.28,29,0.04771637449886024
GOOGL,2016-09-14,2016-09-15,790.46,801.23,2,0.015861142103661408
AAPL,2016-09-20,2016-10-10,113.57,116.05,15,0.021746786406057428
GOOGL,2016-09-20,2016-11-16,799.78,779.98,42,-0.019374143501929786
NFLX,2016-10-11,2016-10-18,100.59,118.79,6,0.14961772960418074
BAC,2016-10-12,2016-10-19,16.03,16.47,6,0.022346368715083997
AAPL,2016-10-20,2016-11-17,117.06,109.95,21,-0.06121926229508201
XOM,2016-10-25,2016-11-02,86.72,83.45,7,-0.03981129904498881
BAC,2016-10-26,2016-10-27,16.87,16.91,2,0.011363636363636465
FB,2016-10-26,2016-11-11,131.04,119.02,13,-0.10030992516441162
AMZN,2016-10-27,2016-11-11,818.36,739.01,12,-0.10160590330541364
MSFT,2016-10-28,2016-11-17,59.87,60.64,15,0.008985024958402255
BAC,2016-10-31,2016-11-07,16.5,17.01,6,0.019784172661870603
NFLX,2016-11-02,2016-12-02,122.34,120.81,22,-0.020194647201946525
MSFT,2016-11-21,2016-12-07,60.86,61.37,12,0.01690140845070398
XOM,2016-12-05,2016-12-09,87.48,89.0,5,0.022518382352941346
NFLX,2016-12-06,2016-12-06,124.57,124.57,1,0.04540114132259143
MSFT,2016-12-09,2016-12-09,61.97,61.97,1,0.01573512538928057
NFLX,2016-12-09,2016-12-15,122.88,125.0,5,0.014281077572217082
GE,2016-12-23,2017-01-31,31.88,29.7,25,-0.06662476429918229
GOOG,2016-12-27,2017-01-06,791.55,806.15,8,0.020559304224531783
NFLX,2016-12-29,2017-01-04,125.33,129.41,4,0.027960918261974665
XOM,2016-12-29,2017-01-26,90.35,85.6,19,-0.052048726467331496
BAC,2016-12-30,2017-01-03,22.1,22.53,2,0.024090909090909163
C,2016-12-30,2017-01-03,59.43,60.59,2,0.020377231391040862
GOOGL,2017-01-03,2017-01-06,808.01,825.21,4,0.04134014764338434
MSFT,2017-01-03,2017-01-24,62.58,63.52,15,0.022207917605406635
BAC,2017-01-10,2017-01-10,22.94,22.94,1,0.017294900221729526
C,2017-01-10,2017-01-23,60.23,55.68,9,-0.07539023580205917
AMZN,2017-01-17,2017-02-01,809.72,832.35,12,0.018613701446508868
JPM,2017-01-18,2017-02-03,83.94,87.18,13,0.04344703770197467
BAC,2017-01-20,2017-01-25,22.64,23.37,4,0.03728362183754985
GOOG,2017-01-20,2017-01-24,805.02,823.87,3,0.027045220805933967
GOOGL,2017-01-20,2017-01-24,828.17,849.53,3,0.030520276089620157
C,2017-01-27,2017-02-06,57.11,57.64,7,0.004881450488144923
BAC,2017-01-31,2017-02-15,22.64,24.58,12,0.07102396514161224
GOOG,2017-02-01,2017-03-14,795.695,845.62,29,0.06128339964105867
GOOGL,2017-02-01,2017-03-21,815.24,850.14,34,0.036515929235908295
MSFT,2017-02-06,2017-03-17,63.64,64.87,29,0.018687185929648242
AMZN,2017-02-07,2017-07-27,812.5,1046.0,119,0.29513149423010354
JPM,2017-02-07,2017-02-13,86.72,88.15,5,0.01590411432522787
BAC,2017-02-17,2017-02-27,24.52,24.57,6,-0.00040683482506098656
FB,2017-02-24,2017-03-08,135.44,137.72,9,0.017434988179669153
NFLX,2017-02-24,2017-04-18,143.25,143.36,37,0.004062193584535745
JPM,2017-02-27,2017-04-11,90.43,85.73,32,-0.05092438835381319
BAC,2017-03-03,2017-03-13,25.44,25.3,7,0.002774474831549467
C,2017-03-03,2017-04-17,61.0,58.99,31,-0.027049315520369377
BAC,2017-03-20,2017-04-10,24.44,23.02,16,-0.07401448109412756
MSFT,2017-03-22,2017-04-19,65.03,65.04,20,0.012926335461765914
GOOG,2017-03-23,2017-07-18,817.58,965.4,81,0.16370737352186127
GOOGL,2017-03-23,2017-07-18,839.65,986.95,81,0.16139091550953077
FB,2017-04-07,2017-05-04,140.78,150.85,19,0.0685698094495999
AAPL,2017-04-12,2017-05-03,141.8,147.06,15,0.03833933488667629
NFLX,2017-04-20,2017-05-09,141.18,157.46,14,0.12664567830566753
AAPL,2017-05-05,2017-05-16,148.96,155.47,8,0.061011396983552846
MSFT,2017-05-12,2017-06-16,68.38,70.0,25,0.022494887525561724
NFLX,2017-05-12,2017-07-05,160.81,147.61,37,-0.06894159202724848
AAPL,2017-05-18,2017-06-29,152.54,143.68,30,-0.043727121464226415
FB,2017-05-18,2017-07-26,147.66,165.61,48,0.14332067656196035
C,2017-05-22,2018-02-07,61.06,74.99,181,0.22733224222585702
XOM,2017-05-23,2017-06-02,82.58,79.5,8,-0.0339044841414512
MSFT,2017-06-20,2017-07-20,69.91,74.22,22,0.04726964865246219
JPM,2017-06-29,2017-06-29,91.15,91.15,1,0.014807392562903754
BAC,2017-07-03,2017-09-01,24.68,24.09,44,-0.007007419620774447
XOM,2017-07-07,2017-07-10,80.22,80.16,2,0.0004992511233148367
JPM,2017-07-17,2017-09-08,91.39,88.42,39,-0.041517615176152156
MSFT,2017-07-26,2017-11-09,74.05,84.09,76,0.13344116457743538
NFLX,2017-07-28,2017-08-24,184.04,168.13,20,-0.07964747098751923
AMZN,2017-07-31,2017-08-21,987.78,953.29,16,-0.0654386102505784
FB,2017-08-01,2017-08-04,169.86,169.62,4,0.0021861152141802176
AAPL,2017-08-04,2017-09-12,156.39,160.86,27,0.03400398534421778
FB,2017-08-11,2017-10-02,168.08,169.47,36,0.012365591397849318
NFLX,2017-08-28,2017-10-17,167.12,199.48,36,0.20204880988249485
AAPL,2017-09-14,2017-09-29,158.28,154.12,12,-0.034638271218289995
BAC,2017-10-03,2017-11-03,25.86,27.82,24,0.08587041373926607
FB,2017-10-06,2018-02-07,172.23,180.18,85,0.052207428170988335
GOOG,2017-10-06,2017-10-09,978.89,977.0,2,0.007258031259020914
GOOGL,2017-10-06,2017-10-10,993.64,987.8,3,0.0026492351729108243
JPM,2017-10-16,2017-11-03,97.84,101.41,15,0.057896933027331565
AMZN,2017-10-23,2017-11-15,966.3,1126.69,18,0.14627992389944144
NFLX,2017-10-23,2017-12-08,192.47,188.54,34,-0.02894519983518773
GOOG,2017-10-24,2017-11-06,970.54,1025.9,10,0.05932159636532641
GOOGL,2017-10-24,2017-11-06,988.49,1042.68,10,0.05797836718956084
AAPL,2017-11-02,2017-11-13,168.11,173.97,8,0.04242315297501342
XOM,2017-11-06,2017-12-06,83.75,82.28,22,-0.010819908631883313
BAC,2017-11-08,2018-02-07,26.79,31.25,62,0.1497424576894768
JPM,2017-11-08,2018-02-07,97.64,112.87,62,0.14298734177215167
GOOGL,2017-11-15,2017-12-21,1036.41,1070.85,26,0.02804231788333711
AAPL,2017-11-16,2018-02-05,171.1,156.49,54,-0.07446179323397162
GOOG,2017-11-16,2017-12-21,1032.5,1063.63,25,0.04184502061885942
AMZN,2017-11-20,2017-12-06,1126.31,1152.35,12,0.019887067653201917
MSFT,2017-11-20,2018-02-07,82.53,89.61,54,0.08749999999999969
AMZN,2017-12-18,2018-02-01,1190.58,1390.0,31,0.17882524551791956
XOM,2017-12-21,2018-02-07,83.85,76.94,32,-0.07155786171111345
GOOG,2017-12-28,2018-01-31,1048.14,1169.94,23,0.11489750993453263
GOOGL,2017-12-28,2018-01-10,1055.95,1110.14,9,0.047104319939634154
NFLX,2018-01-10,2018-02-01,212.52,265.07,16,0.2663991209211216
GOOG,2018-02-05,2018-02-07,1055.8,1048.58,3,-0.05694756722726868
GOOGL,2018-02-05,2018-02-07,1062.39,1055.41,3,-0.05699606862044326
AMZN,2018-02-07,2018-02-07,1416.78,1416.78,1,-0.018061600731889893
NFLX,2018-02-07,2018-02-07,264.56,264.56,1,-0.004365497516182537
