date,strategy_ret,gross_ret,cost_ret,turnover,exposure,active_positions,universe_size,equity,drawdown
2016-01-04,0.0,0.0,0.0,0.0,0.0,0,8,1.0,0.0
2016-01-05,0.0,0.0,0.0,0.0,0.0,0,8,1.0,0.0
2016-01-06,0.0,0.0,0.0,0.0,0.0,0,8,1.0,0.0
2016-01-07,0.0,0.0,0.0,0.0,0.0,0,8,1.0,0.0
2016-01-08,0.0,0.0,0.0,0.0,0.0,0,8,1.0,0.0
2016-01-11,0.0,0.0,0.0,0.0,0.0,0,8,1.0,0.0
2016-01-12,0.0,0.0,0.0,0.0,0.0,0,8,1.0,0.0
2016-01-13,0.0,0.0,0.0,0.0,0.0,0,8,1.0,0.0
2016-01-14,0.0,0.0,0.0,0.0,0.0,0,8,1.0,0.0
2016-01-15,0.0,0.0,0.0,0.0,0.0,0,8,1.0,0.0
2016-01-19,0.0,0.0,0.0,0.0,0.0,0,8,1.0,0.0
2016-01-20,0.0,0.0,0.0,0.0,0.0,0,8,1.0,0.0
2016-01-21,0.0,0.0,0.0,0.0,0.0,0,8,1.0,0.0
2016-01-22,0.0,0.0,0.0,0.0,0.0,0,8,1.0,0.0
2016-01-25,0.0,0.0,0.0,0.0,0.0,0,8,1.0,0.0
2016-01-26,0.0,0.0,0.0,0.0,0.0,0,8,1.0,0.0
2016-01-27,0.0,0.0,0.0,0.0,0.0,0,8,1.0,0.0
2016-01-28,0.0,0.0,0.0,0.0,0.0,0,8,1.0,0.0
2016-01-29,0.0,0.0,0.0,0.0,0.0,0,8,1.0,0.0
2016-02-01,0.0,0.0,0.0,0.0,0.0,0,8,1.0,0.0
2016-02-02,0.0,0.0,0.0,0.0,0.0,0,8,1.0,0.0
2016-02-03,0.0,0.0,0.0,0.0,0.0,0,8,1.0,0.0
2016-02-04,0.0,0.0,0.0,0.0,0.0,0,8,1.0,0.0
2016-02-05,0.0,0.0,0.0,0.0,0.0,0,8,1.0,0.0
2016-02-08,0.0,0.0,0.0,0.0,0.0,0,8,1.0,0.0
2016-02-09,0.0,0.0,0.0,0.0,0.0,0,8,1.0,0.0
2016-02-10,0.0,0.0,0.0,0.0,0.0,0,8,1.0,0.0
2016-02-11,0.0,0.0,0.0,0.0,0.0,0,8,1.0,0.0
2016-02-12,0.0,0.0,0.0,0.0,0.0,0,8,1.0,0.0
2016-02-16,0.0,0.0,0.0,0.0,0.0,0,8,1.0,0.0
2016-02-17,0.0,0.0,0.0,0.0,0.0,0,8,1.0,0.0
2016-02-18,0.0,0.0,0.0,0.0,0.0,0,8,1.0,0.0
2016-02-19,0.0,0.0,0.0,0.0,0.0,0,8,1.0,0.0
2016-02-22,0.0,0.0,0.0,0.0,0.0,0,8,1.0,0.0
2016-02-23,0.0,0.0,0.0,0.0,0.0,0,8,1.0,0.0
2016-02-24,0.0,0.0,0.0,0.0,0.0,0,8,1.0,0.0
2016-02-25,0.0,0.0,0.0,0.0,0.0,0,8,1.0,0.0
2016-02-26,0.0,0.0,0.0,0.0,0.0,0,8,1.0,0.0
2016-02-29,0.0,0.0,0.0,0.0,0.0,0,8,1.0,0.0
2016-03-01,0.0,0.0,0.0,0.0,0.0,0,8,1.0,0.0
2016-03-02,0.0,0.0,0.0,0.0,0.0,0,8,1.0,0.0
2016-03-03,0.0,0.0,0.0,0.0,0.0,0,8,1.0,0.0
2016-03-04,0.0,0.0,0.0,0.0,0.0,0,8,1.0,0.0
2016-03-07,0.0,0.0,0.0,0.0,0.0,0,8,1.0,0.0
2016-03-08,0.0,0.0,0.0,0.0,0.0,0,8,1.0,0.0
2016-03-09,0.0,0.0,0.0,0.0,0.0,0,8,1.0,0.0
2016-03-10,0.0,0.0,0.0,0.0,0.0,0,8,1.0,0.0
2016-03-11,0.0,0.0,0.0,0.0,0.0,0,8,1.0,0.0
2016-03-14,0.0,0.0,0.0,0.0,0.0,0,8,1.0,0.0
2016-03-15,0.0,0.0,0.0,0.0,0.0,0,8,1.0,0.0
2016-03-16,0.0,0.0,0.0,0.0,0.0,0,8,1.0,0.0
2016-03-17,0.0,0.0,0.0,0.0,0.0,0,8,1.0,0.0
2016-03-18,0.0,0.0,0.0,0.0,0.0,0,8,1.0,0.0
2016-03-21,0.0,0.0,0.0,0.0,0.0,0,8,1.0,0.0
2016-03-22,0.0,0.0,0.0,0.0,0.0,0,8,1.0,0.0
2016-03-23,0.0,0.0,0.0,0.0,0.0,0,8,1.0,0.0
2016-03-24,0.0,0.0,0.0,0.0,0.0,0,8,1.0,0.0
2016-03-28,0.0,0.0,0.0,0.0,0.0,0,8,1.0,0.0
2016-03-29,0.0,0.0,0.0,0.0,0.0,0,8,1.0,0.0
2016-03-30,0.0,0.0,0.0,0.0,0.0,0,8,1.0,0.0
2016-03-31,0.0,0.0,0.0,0.0,0.0,0,8,1.0,0.0
2016-04-01,0.0,0.0,0.0,0.0,0.0,0,8,1.0,0.0
2016-04-04,0.0,0.0,0.0,0.0,0.0,0,8,1.0,0.0
2016-04-05,0.0,0.0,0.0,0.0,0.0,0,8,1.0,0.0
2016-04-06,0.0,0.0,0.0,0.0,0.0,0,8,1.0,0.0
2016-04-07,0.0,0.0,0.0,0.0,0.0,0,8,1.0,0.0
2016-04-08,0.0,0.0,0.0,0.0,0.0,0,8,1.0,0.0
2016-04-11,0.0,0.0,0.0,0.0,0.0,0,8,1.0,0.0
2016-04-12,0.0,0.0,0.0,0.0,0.0,0,8,1.0,0.0
2016-04-13,0.0,0.0,0.0,0.0,0.0,0,8,1.0,0.0
2016-04-14,0.0,0.0,0.0,0.0,0.0,0,8,1.0,0.0
2016-04-15,0.0,0.0,0.0,0.0,0.0,0,8,1.0,0.0
2016-04-18,0.0,0.0,0.0,0.0,0.0,0,8,1.0,0.0
2016-04-19,0.0,0.0,0.0,0.0,0.0,0,8,1.0,0.0
2016-04-20,0.0,0.0,0.0,0.0,0.0,0,8,1.0,0.0
2016-04-21,0.0,0.0,0.0,0.0,0.0,0,8,1.0,0.0
2016-04-22,0.0,0.0,0.0,0.0,0.0,0,8,1.0,0.0
2016-04-25,0.0,0.0,0.0,0.0,0.0,0,8,1.0,0.0
2016-04-26,0.0,0.0,0.0,0.0,0.0,0,8,1.0,0.0
2016-04-27,0.0,0.0,0.0,0.0,0.0,0,8,1.0,0.0
2016-04-28,0.0,0.0,0.0,0.0,0.0,0,8,1.0,0.0
2016-04-29,0.0,0.0,0.0,0.0,0.0,0,8,1.0,0.0
2016-05-02,0.0,0.0,0.0,0.0,0.0,0,8,1.0,0.0
2016-05-03,0.0,0.0,0.0,0.0,0.0,0,8,1.0,0.0
2016-05-04,0.0,0.0,0.0,0.0,0.0,0,8,1.0,0.0
2016-05-05,0.0,0.0,0.0,0.0,0.0,0,8,1.0,0.0
2016-05-06,0.0,0.0,0.0,0.0,0.0,0,8,1.0,0.0
2016-05-09,0.0,0.0,0.0,0.0,0.0,0,8,1.0,0.0
2016-05-10,0.0,0.0,0.0,0.0,0.0,0,8,1.0,0.0
2016-05-11,0.0,0.0,0.0,0.0,0.0,0,8,1.0,0.0
2016-05-12,0.0,0.0,0.0,0.0,0.0,0,8,1.0,0.0
2016-05-13,0.0,0.0,0.0,0.0,0.0,0,8,1.0,0.0
2016-05-16,0.0,0.0,0.0,0.0,0.0,0,8,1.0,0.0
2016-05-17,0.0,0.0,0.0,0.0,0.0,0,8,1.0,0.0
2016-05-18,0.0,0.0,0.0,0.0,0.0,0,8,1.0,0.0
2016-05-19,0.0,0.0,0.0,0.0,0.0,0,8,1.0,0.0
2016-05-20,0.0,0.0,0.0,0.0,0.0,0,8,1.0,0.0
2016-05-23,0.0,0.0,0.0,0.0,0.0,0,8,1.0,0.0
2016-05-24,0.0,0.0,0.0,0.0,0.0,0,8,1.0,0.0
2016-05-25,0.0,0.0,0.0,0.0,0.0,0,8,1.0,0.0
2016-05-26,0.0,0.0,0.0,0.0,0.0,0,8,1.0,0.0
2016-05-27,0.0,0.0,0.0,0.0,0.0,0,8,1.0,0.0
2016-05-31,0.0,0.0,0.0,0.0,0.0,0,8,1.0,0.0
2016-06-01,0.0,0.0,0.0,0.0,0.0,0,8,1.0,0.0
2016-06-02,0.0,0.0,0.0,0.0,0.0,0,8,1.0,0.0
2016-06-03,0.0,0.0,0.0,0.0,0.0,0,8,1.0,0.0
2016-06-06,0.0,0.0,0.0,0.0,0.0,0,8,1.0,0.0
2016-06-07,0.0,0.0,0.0,0.0,0.0,0,8,1.0,0.0
2016-06-08,0.0,0.0,0.0,0.0,0.0,0,8,1.0,0.0
2016-06-09,0.0,0.0,0.0,0.0,0.0,0,8,1.0,0.0
2016-06-10,0.0,0.0,0.0,0.0,0.0,0,8,1.0,0.0
2016-06-13,0.0,0.0,0.0,0.0,0.0,0,8,1.0,0.0
2016-06-14,0.0,0.0,0.0,0.0,0.0,0,8,1.0,0.0
2016-06-15,0.0,0.0,0.0,0.0,0.0,0,8,1.0,0.0
2016-06-16,0.0,0.0,0.0,0.0,0.0,0,8,1.0,0.0
2016-06-17,0.0,0.0,0.0,0.0,0.0,0,8,1.0,0.0
2016-06-20,0.0,0.0,0.0,0.0,0.0,0,8,1.0,0.0
2016-06-21,0.0,0.0,0.0,0.0,0.0,0,8,1.0,0.0
2016-06-22,0.0,0.0,0.0,0.0,0.0,0,8,1.0,0.0
2016-06-23,0.0,0.0,0.0,0.0,0.0,0,8,1.0,0.0
2016-06-24,0.0,0.0,0.0,0.0,0.0,0,8,1.0,0.0
2016-06-27,0.0,0.0,0.0,0.0,0.0,0,8,1.0,0.0
2016-06-28,0.0,0.0,0.0,0.0,0.0,0,8,1.0,0.0
2016-06-29,0.0,0.0,0.0,0.0,0.0,0,8,1.0,0.0
2016-06-30,0.0,0.0,0.0,0.0,0.0,0,8,1.0,0.0
2016-07-01,0.0,0.0,0.0,0.0,0.0,0,8,1.0,0.0
2016-07-05,0.0,0.0,0.0,0.0,0.0,0,8,1.0,0.0
2016-07-06,0.0,0.0,0.0,0.0,0.0,0,8,1.0,0.0
2016-07-07,0.0,0.0,0.0,0.0,0.0,0,8,1.0,0.0
2016-07-08,0.0,0.0,0.0,0.0,0.0,0,8,1.0,0.0
2016-07-11,0.0,0.0,0.0,0.0,0.0,0,8,1.0,0.0
2016-07-12,0.0,0.0,0.0,0.0,0.0,0,8,1.0,0.0
2016-07-13,-3.75e-05,0.0,3.75e-05,0.125,0.0,0,8,0.9999625,-3.7500000000023626e-05
2016-07-14,-0.0002406985982252169,-0.0002406985982252169,0.0,0.0,0.125,1,8,0.9997218104279723,-0.00027818957202774275
2016-07-15,-0.0010088977334052937,-0.0009713977334052937,3.75e-05,0.125,0.125,1,8,0.9987131933593957,-0.001286806640604321
2016-07-18,0.0007122929082750695,0.0007122929082750695,0.0,0.0,0.25,2,8,0.9994245696844263,-0.0005754303155737217
2016-07-19,-0.0013564770405343207,-0.0013564770405343207,0.0,0.0,0.25,2,8,0.9980688732019034,-0.001931126798096594
2016-07-20,0.007576896509637744,0.007614396509637744,3.75e-05,0.125,0.25,2,8,1.0056311377636449,0.0
2016-07-21,-0.0011249300417331826,-0.0011249300417331826,0.0,0.0,0.375,3,8,1.0044998730858723,-0.0011249300417330854
2016-07-22,0.0008290955868591049,0.0008290955868591049,0.0,0.0,0.375,3,8,1.0053326994976484,-0.00029676712940707173
2016-07-25,-0.002199904063990177,-0.002199904063990177,0.0,0.0,0.375,3,8,1.0031210640063613,-0.0024960183341832254
2016-07-26,-0.001548695806296249,-0.001473695806296249,7.5e-05,0.25,0.375,3,8,1.001567534621327,-0.004040848567352984
2016-07-27,0.009801847471282238,0.009801847471282238,0.0,0.0,0.625,5,8,1.0113847468278736,0.0
2016-07-28,0.006816940379432895,0.006816940379432895,0.0,0.0,0.625,5,8,1.018279296347667,0.0
2016-07-29,0.00469343938286787,0.00469343938286787,0.0,0.0,0.625,5,8,1.023058528499904,0.0
2016-08-01,0.004495769352294857,0.004495769352294857,0.0,0.0,0.625,5,8,1.027657963677938,0.0
2016-08-02,-0.004573309477899958,-0.0045358094778999575,3.75e-05,0.125,0.625,5,8,1.0229581657726103,-0.004573309477899912
2016-08-03,0.0015403084780227921,0.0015403084780227921,0.0,0.0,0.75,6,8,1.0245338369080126,-0.003040045307238448
2016-08-04,0.005941307425869398,0.005978807425869398,3.75e-05,0.125,0.75,6,8,1.0306209074012886,0.0
2016-08-05,0.013550560816081053,0.013550560816081053,0.0,0.0,0.875,7,8,1.0445863986853545,0.0
2016-08-08,0.0032059973289875476,0.0032059973289875476,0.0,0.0,0.875,7,8,1.0479353398894364,0.0
2016-08-09,0.002109360008648392,0.002109360008648392,0.0,0.0,0.875,7,8,1.0501458127870484,0.0
2016-08-10,-0.005323062728928019,-0.005323062728928019,0.0,0.0,0.875,7,8,1.044555820751062,-0.005323062728928019
2016-08-11,0.0041383196294605545,0.0041383196294605545,0.0,0.0,0.875,7,8,1.0488785266081435,-0.0012067716344472679
2016-08-12,0.006697307264961247,0.006697307264961247,0.0,0.0,0.875,7,8,1.055903188384458,0.0
2016-08-15,0.0009297339247107406,0.0009297339247107406,0.0,0.0,0.875,7,8,1.0568848973999094,0.0
2016-08-16,-0.0032583988427403315,-0.0032583988427403315,0.0,0.0,0.875,7,8,1.0534411448733119,-0.003258398842740262
2016-08-17,-0.0013925501670367284,-0.0013550501670367282,3.75e-05,0.125,0.875,7,8,1.0519741752310552,-0.0046464115259242655
2016-08-18,-0.0009047368154102744,-0.0008672368154102744,3.75e-05,0.125,0.75,6,8,1.0510224154658627,-0.0055469445617675195
2016-08-19,-0.0014803344232982019,-0.0014803344232982019,0.0,0.0,0.875,7,8,1.0494665508045906,-0.007019067652086819
2016-08-22,-0.0011857493182045181,-0.0011857493182045181,0.0,0.0,0.875,7,8,1.0482221465574957,-0.00819649411560841
2016-08-23,0.0029109185396652137,0.0029109185396652137,0.0,0.0,0.875,7,8,1.0512734358375975,-0.005309434902624699
2016-08-24,-0.003016188096451669,-0.003016188096451669,0.0,0.0,0.875,7,8,1.0481025974143083,-0.008309608744724084
2016-08-25,0.0013380907612011717,0.0013380907612011717,0.0,0.0,0.875,7,8,1.0495050538166995,-0.006982636994213309
2016-08-26,0.004036510356082708,0.004074010356082708,3.75e-05,0.125,0.875,7,8,1.0537413918351917,-0.002974312124670586
2016-08-29,0.003112151889166581,0.003112151889166581,0.0,0.0,1.0,8,8,1.0570207950984847,0.0
2016-08-30,-0.0017759860964420005,-0.0017759860964420005,0.0,0.0,1.0,8,8,1.0551435408627396,-0.0017759860964420282
2016-08-31,-0.0019076539609036158,-0.0019076539609036158,0.0,0.0,1.0,8,8,1.053130692107691,-0.0036802520904342106
2016-09-01,0.004288381953051132,0.004288381953051132,0.0,0.0,1.0,8,8,1.0576469187619297,0.0
2016-09-02,0.0022058242241187465,0.0022058242241187465,0.0,0.0,1.0,8,8,1.0599799019558993,0.0
2016-09-06,0.008281906512753012,0.008281906512753012,0.0,0.0,1.0,8,8,1.0687585564092952,0.0
2016-09-07,-0.0009860578544363535,-0.0009860578544363535,0.0,0.0,1.0,8,8,1.0677046986402516,-0.0009860578544363952
2016-09-08,-0.004047230114331131,-0.004009730114331131,3.75e-05,0.125,1.0,8,8,1.063383452030702,-0.005029297165724644
2016-09-09,-0.02155555567517166,-0.021443055675171657,0.0001125,0.375,0.875,7,8,1.0404616308263979,-0.02647644354583356
2016-09-12,0.0061680356642575375,0.0063180356642575375,0.00015,0.5,0.5,4,8,1.0468792352726266,-0.020471715529629453
2016-09-13,-0.007622092202979755,-0.007622092202979755,0.0,0.0,1.0,8,8,1.0388998252159938,-0.027937770429289133
2016-09-14,0.0055171205192529466,0.0055171205192529466,0.0,0.0,1.0,8,8,1.0446315607591412,-0.022574785956533838
2016-09-15,0.01657792213564771,0.01657792213564771,0.0,0.0,1.0,8,8,1.0619493814338463,-0.006371106864702547
2016-09-16,-0.0005485020289606596,-0.0005485020289606596,0.0,0.0,1.0,8,8,1.0613669000434764,-0.006916114328621159
2016-09-19,-0.0015752460758051284,-0.0015752460758051284,0.0,0.0,1.0,8,8,1.0596949859991935,-0.008480465822470196
2016-09-20,0.001105059171119513,0.001105059171119513,0.0,0.0,1.0,8,8,1.0608660116620612,-0.007384778067883291
2016-09-21,0.010364205157485776,0.010364205157485776,0.0,0.0,1.0,8,8,1.0718610446515304,0.0
2016-09-22,0.0071846673629692576,0.0071846673629692576,0.0,0.0,1.0,8,8,1.0795620097166763,0.0
2016-09-23,-0.005814195086094172,-0.005776695086094172,3.75e-05,0.125,1.0,8,8,1.0732852255846477,-0.005814195086094154
2016-09-26,-0.01056608498883584,-0.01052858498883584,3.75e-05,0.125,0.875,7,8,1.0619448026738585,-0.016318846795508546
2016-09-27,0.01511793754295523,0.01515543754295523,3.75e-05,0.125,1.0,8,8,1.077999217874748,-0.0014476165591807977
2016-09-28,0.002499500331897872,0.002499500331897872,0.0,0.0,0.875,7,8,1.0806936772776117,0.0
2016-09-29,-0.007221453441321163,-0.007221453441321163,0.0,0.0,0.875,7,8,1.0728894982028212,-0.007221453441321191
2016-09-30,0.008286893163702208,0.008286893163702208,0.0,0.0,0.875,7,8,1.081780418850886,0.0
2016-10-03,-0.002109592004919239,-0.002109592004919239,0.0,0.0,0.875,7,8,1.0794983035282,-0.002109592004919225
2016-10-04,0.001666560712584031,0.001666560712584031,0.0,0.0,0.875,7,8,1.0812973529901613,-0.00044654705549007634
2016-10-05,0.0032898142028934124,0.0032898142028934124,0.0,0.0,0.875,7,8,1.0848546203795795,0.0
2016-10-06,0.000982758694975036,0.000982758694975036,0.0,0.0,0.875,7,8,1.0859207706905414,0.0
2016-10-07,-0.0016992397611496901,-0.0016992397611496901,0.0,0.0,0.875,7,8,1.0840755309395256,-0.0016992397611498289
2016-10-10,0.009548812740825113,0.009548812740825113,0.0,0.0,0.875,7,8,1.0944271651813777,0.0
2016-10-11,-0.00733089629592482,-0.00729339629592482,3.75e-05,0.125,0.875,7,8,1.08640403312999,-0.007330896295924871
2016-10-12,0.002348703825279422,0.002348703825279422,0.0,0.0,1.0,8,8,1.0889556744384015,-0.0049994105748183415
2016-10-13,-0.008751628020248953,-0.008751628020248953,0.0,0.0,1.0,8,8,1.0794255394451773,-0.013707285613395959
2016-10-14,0.003600655169108763,0.003600655169108763,0.0,0.0,1.0,8,8,1.0833121785934485,-0.01015598565308562
2016-10-17,-0.002124752433088503,-0.002124752433088503,0.0,0.0,1.0,8,8,1.0810104084061878,-0.012259159130947217
2016-10-18,0.010870713238345694,0.010870713238345694,0.0,0.0,1.0,8,8,1.0927617625636383,-0.001521711696057304
2016-10-19,0.0040431141443558055,0.0040431141443558055,0.0,0.0,1.0,8,8,1.0971799231022705,0.0
2016-10-20,-0.0003931682627425215,-0.0003931682627425215,0.0,0.0,1.0,8,8,1.0967485467779885,-0.0003931682627424937
2016-10-21,0.009324401504617483,0.009324401504617483,0.0,0.0,1.0,8,8,1.1069750705777521,0.0
2016-10-24,0.018530647887089136,0.018530647887089136,0.0,0.0,1.0,8,8,1.127488035830414,0.0
2016-10-25,-0.0009792762066347938,-0.0009792762066347938,0.0,0.0,1.0,8,8,1.12638391362366,-0.0009792762066347382
2016-10-26,-0.007293387031841153,-0.007293387031841153,0.0,0.0,1.0,8,8,1.1181687597951626,-0.00826552099808986
2016-10-27,-0.007795143613999786,-0.007795143613999786,0.0,0.0,1.0,8,8,1.1094524737278713,-0.015996233688865047
2016-10-28,-0.007758724798711758,-0.007758724798711758,0.0,0.0,1.0,8,8,1.1008445373069666,-0.023630848112569103
2016-10-31,-0.0016667570344255506,-0.0016667570344255506,0.0,0.0,1.0,8,8,1.0990096969306014,-0.02525821826467356
2016-11-01,-0.008330517594635406,-0.008330517594635406,0.0,0.0,1.0,8,8,1.089854377313646,-0.033378321827645996
2016-11-02,-0.012598719635820724,-0.012598719635820724,0.0,0.0,1.0,8,8,1.0761236075699994,-0.045556517344846004
2016-11-03,-0.01278979550376114,-0.01275229550376114,3.75e-05,0.125,1.0,8,8,1.0623602066924094,-0.05776365430790309
2016-11-04,-0.004550760977447337,-0.0045132609774473365,3.75e-05,0.125,0.875,7,8,1.0575256593198006,-0.06205154670141133
2016-11-07,0.028871139363586984,0.028871139363586984,0.0,0.0,1.0,8,8,1.0880576300105917,-0.03497190619036694
2016-11-08,0.005967381049887824,0.005967381049887824,0.0,0.0,1.0,8,8,1.0945504844931029,-0.029213215830757866
2016-11-09,-0.0011690472797146745,-0.0011690472797146745,0.0,0.0,1.0,8,8,1.0932709032266958,-0.03034811147997385
2016-11-10,-0.019694360910908468,-0.019694360910908468,0.0,0.0,1.0,8,8,1.0717396314851544,-0.04944478573043132
2016-11-11,0.03516210804109888,0.03523710804109888,7.5e-05,0.25,1.0,8,8,1.1094242561993628,-0.016021260587254837
2016-11-14,-0.010203466347961362,-0.010203466347961362,0.0,0.0,0.75,6,8,1.0981042831356205,-0.026061254541962287
2016-11-15,0.01502416511100177,0.01502416511100177,0.0,0.0,0.75,6,8,1.1146023831945482,-0.011428638022198956
2016-11-16,0.012091523562759662,0.012129023562759661,3.75e-05,0.125,0.75,6,8,1.1280796241740532,0.0
2016-11-17,0.006220720506742823,0.006258220506742823,3.75e-05,0.125,0.625,5,8,1.1350970922253913,0.0
2016-11-18,-0.0015535486524620903,-0.0015160486524620903,3.75e-05,0.125,0.5,4,8,1.133333663667351,-0.0015535486524620445
2016-11-21,0.0026100548233703863,0.0026100548233703863,0.0,0.0,0.375,3,8,1.136291726662694,0.0
2016-11-22,0.001250287359476271,0.001250287359476271,0.0,0.0,0.375,3,8,1.1377124178452176,0.0
2016-11-23,0.0005555943964176413,0.0005555943964176413,0.0,0.0,0.375,3,8,1.1383445244893073,0.0
2016-11-25,0.0023457099324344366,0.0023457099324344366,0.0,0.0,0.375,3,8,1.1410147505469344,0.0
2016-11-28,-0.003256873743409619,-0.003256873743409619,0.0,0.0,0.375,3,8,1.1372986095650348,-0.0032568737434097716
2016-11-29,-0.00021392101077252756,-0.00021392101077252756,0.0,0.0,0.375,3,8,1.1370553174969265,-0.0034700980404591686
2016-11-30,0.002007535667750776,0.002007535667750776,0.0,0.0,0.375,3,8,1.139337996603007,-0.0014695287182953098
2016-12-01,-0.006131964728605777,-0.006131964728605777,0.0,0.0,0.375,3,8,1.1323516161938771,-0.007592482348632745
2016-12-02,-0.00030889873141110025,-0.00030889873141110025,0.0,0.0,0.375,3,8,1.1320018342161235,-0.007899035771878116
2016-12-05,0.010485400536626527,0.010485400536626527,0.0,0.0,0.375,3,8,1.1438713268560756,0.0
2016-12-06,0.0033253667661551634,0.0033253667661551634,0.0,0.0,0.375,3,8,1.1476751185511607,0.0
2016-12-07,0.007522161056460308,0.007522161056460308,0.0,0.0,0.375,3,8,1.1563081156333948,0.0
2016-12-08,-0.0007192585588178535,-0.0007192585588178535,0.0,0.0,0.375,3,8,1.1554764311245949,-0.0007192585588178257
2016-12-09,0.0005096917621456726,0.0005096917621456726,0.0,0.0,0.375,3,8,1.1560653679428925,-0.00020993339683450518
2016-12-12,-0.0052309374645605755,-0.0052309374645605755,0.0,0.0,0.375,3,8,1.150018062298239,-0.005439772712924507
2016-12-13,0.003833086110670597,0.003833086110670597,0.0,0.0,0.375,3,8,1.1544261805598546,-0.0016275377194852059
2016-12-14,0.00697550794106018,0.00697550794106018,0.0,0.0,0.375,3,8,1.1624788895497178,0.0
2016-12-15,0.0054313616489128635,0.0054313616489128635,0.0,0.0,0.375,3,8,1.168792732808089,0.0
2016-12-16,-0.0011051316811784284,-0.0011051316811784284,0.0,0.0,0.375,3,8,1.1675010629303315,-0.0011051316811785394
2016-12-19,0.0031743090512246774,0.0031743090512246774,0.0,0.0,0.375,3,8,1.1712070721217056,0.0
2016-12-20,0.0054757606370984535,0.0054757606370984535,0.0,0.0,0.375,3,8,1.177620321705121,0.0
2016-12-21,0.0003441095788090237,0.0003441095788090237,0.0,0.0,0.375,3,8,1.17802555213802,0.0
2016-12-22,0.0009969035817842628,0.0010344035817842628,3.75e-05,0.125,0.375,3,8,1.17919993003038,0.0
2016-12-23,0.003048668015197635,0.003086168015197635,3.75e-05,0.125,0.5,4,8,1.1827949191405867,0.0
2016-12-27,0.009773104510350072,0.009773104510350072,0.0,0.0,0.625,5,8,1.1943544974996587,0.0
2016-12-28,-0.01227858729136444,-0.01227858729136444,0.0,0.0,0.625,5,8,1.1796895115452755,-0.01227858729136444
2016-12-29,3.892190355018598e-05,7.642190355018619e-05,3.75e-05,0.125,0.625,5,8,1.179735427306663,-0.012240143293804628
2016-12-30,-0.01055336217100769,-0.01055336217100769,0.0,0.0,0.75,6,8,1.1672852520763273,-0.022664330799607613
2017-01-03,0.0029078275114907265,0.0029078275114907265,0.0,0.0,0.75,6,8,1.1706795162460721,-0.019822407252745644
2017-01-04,0.004631133062901804,0.004631133062901804,0.0,0.0,0.75,6,8,1.1761010888598213,-0.015283074395458174
2017-01-05,-0.0020646763244161204,-0.0020646763244161204,0.0,0.0,0.75,6,8,1.1736728207865326,-0.01731619611800561
2017-01-06,0.00793169878363767,0.00793169878363767,0.0,0.0,0.75,6,8,1.1829820400715538,-0.009521844186054285
2017-01-09,0.0054744481165572845,0.0054744481165572845,0.0,0.0,0.75,6,8,1.1894582138727445,-0.004099522911467535
2017-01-10,0.0008391863669914568,0.0008391863669914568,0.0,0.0,0.75,6,8,1.1904563909899326,-0.003263776808214547
2017-01-11,0.0020470597200494822,0.0020470597200494822,0.0,0.0,0.75,6,8,1.1928933263164037,-0.0012233982342043648
2017-01-12,-0.0048160250392799975,-0.0048160250392799975,0.0,0.0,0.75,6,8,1.1871483221876737,-0.006033531356955502
2017-01-13,0.0008489078456479047,0.0008864078456479046,3.75e-05,0.125,0.75,6,8,1.1881561017123266,-0.005189745423413439
2017-01-17,-0.00951431726282849,-0.00951431726282849,0.0,0.0,0.875,7,8,1.1768516076028699,-0.014654685801770317
2017-01-18,0.005609024603051252,0.005609024603051252,0.0,0.0,0.875,7,8,1.1834525972240548,-0.009127859691931195
2017-01-19,0.0004110612662531028,0.000448561266253103,3.75e-05,0.125,0.875,7,8,1.1839390687472202,-0.008720550535241345
2017-01-20,0.0007657670000175282,0.0007657670000175282,0.0,0.0,1.0,8,8,1.1848456902160984,-0.007961461445045503
2017-01-23,0.009387462154623313,0.009387462154623313,0.0,0.0,1.0,8,8,1.1959683842920705,0.0
2017-01-24,0.008396763509304128,0.008396763509304128,0.0,0.0,1.0,8,8,1.2060106479795756,0.0
2017-01-25,0.012409776242910897,0.012409776242910897,0.0,0.0,1.0,8,8,1.2209769702675701,0.0
2017-01-26,0.004639408281778529,0.004639408281778529,0.0,0.0,1.0,8,8,1.2266415809352902,0.0
2017-01-27,0.0007979845696372417,0.0007979845696372417,0.0,0.0,1.0,8,8,1.227620421989352,0.0
2017-01-30,-0.013978020055535112,-0.013978020055535112,0.0,0.0,1.0,8,8,1.2104607191102006,-0.013978020055534945
2017-01-31,-0.0069342281166796665,-0.0069342281166796665,0.0,0.0,1.0,8,8,1.2020671083576104,-0.02081532139252995
2017-02-01,0.015606657476602129,0.015606657476602129,0.0,0.0,1.0,8,8,1.220827357981637,-0.005533521507166572
2017-02-02,-0.0005609729689859955,-0.0005609729689859955,0.0,0.0,1.0,8,8,1.2201425068340108,-0.006091390320163703
2017-02-03,4.138689998930967e-05,4.138689998930967e-05,0.0,0.0,1.0,8,8,1.2201930047499139,-0.006050255523936343
2017-02-06,0.004222305132638021,0.004222305132638021,0.0,0.0,1.0,8,8,1.2253450319366783,-0.0018534964162509882
2017-02-07,0.004106980209572189,0.004106980209572189,0.0,0.0,1.0,8,8,1.2303774997327397,0.0
2017-02-08,0.0021694220070669623,0.0021694220070669623,0.0,0.0,1.0,8,8,1.23304670775766,0.0
2017-02-09,0.0023170588669550324,0.0023170588669550324,0.0,0.0,1.0,8,8,1.2359037495652394,0.0
2017-02-10,-0.00125008858603598,-0.00125008858603598,0.0,0.0,1.0,8,8,1.2343587603944688,-0.0012500885860360356
2017-02-13,0.0011922860001594981,0.0011922860001594981,0.0,0.0,1.0,8,8,1.2358304690636612,-5.9293048996655884e-05
2017-02-14,0.005456302096608481,0.005456302096608481,0.0,0.0,1.0,8,8,1.2425735334430659,0.0
2017-02-15,0.0032635121285390645,0.0032635121285390645,0.0,0.0,1.0,8,8,1.2466286872400592,0.0
2017-02-16,-7.550116499886739e-05,-7.550116499886739e-05,0.0,0.0,1.0,8,8,1.2465345653218516,-7.550116499877024e-05
2017-02-17,0.0013029630154127586,0.0013029630154127586,0.0,0.0,1.0,8,8,1.2481587537578995,0.0
2017-02-21,0.009256160206812483,0.009256160206812483,0.0,0.0,1.0,8,8,1.259711911146218,0.0
2017-02-22,0.0021191946993739663,0.0021191946993739663,0.0,0.0,1.0,8,8,1.2623814859510574,0.0
2017-02-23,-0.013837719687452898,-0.013837719687452898,0.0,0.0,1.0,8,8,1.2449130048098365,-0.013837719687452843
2017-02-24,-0.002272887140667826,-0.002272887140667826,0.0,0.0,1.0,8,8,1.242083458049954,-0.016079155252986865
2017-02-27,0.00664983985675241,0.00664983985675241,0.0,0.0,1.0,8,8,1.2503431141347077,-0.009536239203698504
2017-02-28,-0.00631970946042755,-0.00631970946042755,0.0,0.0,1.0,8,8,1.2424413089275301,-0.015795682403013545
2017-03-01,0.01669575057932371,0.01669575057932371,0.0,0.0,1.0,8,8,1.2631847991308327,0.0
2017-03-02,-0.011372742845347658,-0.011372742845347658,0.0,0.0,1.0,8,8,1.2488189232441658,-0.011372742845347505
2017-03-03,0.0016980925285122461,0.0016980925285122461,0.0,0.0,1.0,8,8,1.2509395333271913,-0.009693962286489666
2017-03-06,-0.002968883061877467,-0.002968883061877467,0.0,0.0,1.0,8,8,1.2472256401352633,-0.012634065107932413
2017-03-07,0.002585518728471972,0.002585518728471972,0.0,0.0,1.0,8,8,1.2504503653864636,-0.010081211991413541
2017-03-08,0.002591716566180037,0.002629216566180037,3.75e-05,0.125,1.0,8,8,1.2536911783136215,-0.007515623069358934
2017-03-09,0.0016072273592689784,0.0016072273592689784,0.0,0.0,0.875,7,8,1.2557061450754812,-0.005920475025109062
2017-03-10,0.002222398837719755,0.002222398837719755,0.0,0.0,0.875,7,8,1.2584968249528143,-0.0037112338442040205
2017-03-13,0.0014230229781231202,0.0014230229781231202,0.0,0.0,0.875,7,8,1.2602876948526172,-0.002293492037118372
2017-03-14,-0.0010171856869179846,-0.0010171856869179846,0.0,0.0,0.875,7,8,1.2590057482480141,-0.0033083448167632312
2017-03-15,0.002305680941222313,0.002305680941222313,0.0,0.0,0.875,7,8,1.2619086138066389,-0.0010102918631319513
2017-03-16,0.0009632718540636132,0.0009632718540636132,0.0,0.0,0.875,7,8,1.2631241748567192,-4.7993194784434756e-05
2017-03-17,-0.0014255814611692785,-0.0014255814611692785,0.0,0.0,0.875,7,8,1.2613234884498887,-0.0014735062377450037
2017-03-20,-0.0010955534626223146,-0.0010955534626223146,0.0,0.0,0.875,7,8,1.2599416411346305,-0.0025674453955064624
2017-03-21,-0.01856867540245083,-0.01856867540245083,0.0,0.0,0.875,7,8,1.2365461937743705,-0.02108844673779453
2017-03-22,0.0040884332919473715,0.0040884332919473715,0.0,0.0,0.875,7,8,1.2416017304000284,-0.017086232153565417
2017-03-23,-0.0034977114178055685,-0.0034977114178055685,0.0,0.0,0.875,7,8,1.2372589658512412,-0.020524180862080077
2017-03-24,-0.00045395434668557555,-0.00045395434668557555,0.0,0.0,0.875,7,8,1.2366973067657172,-0.020968818167651282
2017-03-27,0.0014027030773242494,0.0014027030773242494,0.0,0.0,0.875,7,8,1.238432025883636,-0.01959552811609866
2017-03-28,0.008567103250588237,0.008567103250588237,0.0,0.0,0.875,7,8,1.2490418009182165,-0.01119630177813069
2017-03-29,0.006361975615882365,0.006361975615882365,0.0,0.0,0.875,7,8,1.256988174398876,-0.004905556761148899
2017-03-30,0.003111818261467489,0.003111818261467489,0.0,0.0,0.875,7,8,1.2608996931544192,-0.001809003700793288
2017-03-31,-0.0008153459071977148,-0.0008153459071977148,0.0,0.0,0.875,7,8,1.259871623750219,-0.002622874644227391
2017-04-03,0.003023812324204053,0.003023812324204053,0.0,0.0,0.875,7,8,1.2636812390930299,0.0
2017-04-04,0.0009408695798496375,0.0009408695798496375,0.0,0.0,0.875,7,8,1.2648701983295192,0.0
2017-04-05,-0.0029770781112315875,-0.0029770781112315875,0.0,0.0,0.875,7,8,1.2611045809485233,-0.0029770781112314904
2017-04-06,-0.002706669071865328,-0.002706669071865328,0.0,0.0,0.875,7,8,1.2576911881828823,-0.005675689217848667
2017-04-07,-0.0026570483906250275,-0.0026570483906250275,0.0,0.0,0.875,7,8,1.2543494418354177,-0.00831765702757159
2017-04-10,0.0006522905175334562,0.0006897905175334562,3.75e-05,0.125,0.875,7,8,1.2551676420820004,-0.007670792038845353
2017-04-11,-0.0035569584976046092,-0.0035569584976046092,0.0,0.0,0.75,6,8,1.2507030628715785,-0.011200465847523988
2017-04-12,-0.0010976964544858192,-0.0010976964544858192,0.0,0.0,0.75,6,8,1.24933017055385,-0.012285867590360322
2017-04-13,-0.0032855602480111185,-0.0032855602480111185,0.0,0.0,0.75,6,8,1.2452254210088374,-0.015531061880204144
2017-04-17,0.010268884337303719,0.010268884337303719,0.0,0.0,0.75,6,8,1.2580124968310475,-0.0054216642209836685
2017-04-18,-0.0011044787854825044,-0.0011044787854825044,0.0,0.0,0.75,6,8,1.2566230487164258,-0.006520154893352004
2017-04-19,-2.4687989191085613e-05,-2.4687989191085613e-05,0.0,0.0,0.75,6,8,1.2565920252201819,-0.006544681913029593
2017-04-20,0.0052237623605630445,0.0052237623605630445,0.0,0.0,0.75,6,8,1.2631561633441108,-0.0013551074155055964
2017-04-21,0.0010393904283618333,0.0010393904283618333,0.0,0.0,0.75,6,8,1.264469075769817,-0.0003171254728208117
2017-04-24,0.011932391926521846,0.011932391926521846,0.0,0.0,0.75,6,8,1.279557216360869,0.0
2017-04-25,0.005193381122182317,0.005193381122182317,0.0,0.0,0.75,6,8,1.2862024446530698,0.0
2017-04-26,-0.0006505401545194023,-0.0006505401545194023,0.0,0.0,0.75,6,8,1.285365718315982,-0.0006505401545193745
2017-04-27,0.0038131453761945378,0.0038131453761945378,0.0,0.0,0.75,6,8,1.2902670046614975,0.0
2017-04-28,0.012456399427060491,0.012456399427060491,0.0,0.0,0.75,6,8,1.3063390858391182,0.0
2017-05-01,0.0112225860225617,0.0112975860225617,7.5e-05,0.25,0.75,6,8,1.3209995886045822,0.0
2017-05-02,0.0006872942389227338,0.0006872942389227338,0.0,0.0,0.5,4,8,1.3219075040114494,0.0
2017-05-03,-0.0023601064606503797,-0.0023601064606503797,0.0,0.0,0.5,4,8,1.3187876615708496,-0.002360106460650546
2017-05-04,-0.0021862557972722324,-0.0021862557972722324,0.0,0.0,0.5,4,8,1.315904454400369,-0.004541202461491034
2017-05-05,0.0014619864098145557,0.0014619864098145557,0.0,0.0,0.5,4,8,1.317828288829317,-0.0030858552279594553
2017-05-08,0.005964562499250703,0.005964562499250703,0.0,0.0,0.5,4,8,1.32568855802132,0.0
2017-05-09,0.0009998481435502943,0.0009998481435502943,0.0,0.0,0.5,4,8,1.3270140452649835,0.0
2017-05-10,-0.0007692556325125943,-0.0007692556325125943,0.0,0.0,0.5,4,8,1.32599323223624,-0.0007692556325126221
2017-05-11,-0.0013533236430743334,-0.0013533236430743334,0.0,0.0,0.5,4,8,1.3241987342444983,-0.0021215382237518288
2017-05-12,0.003652344466177862,0.003652344466177862,0.0,0.0,0.5,4,8,1.3290351641636358,0.0
2017-05-15,-0.0007848032034629693,-0.0007848032034629693,0.0,0.0,0.5,4,8,1.3279921331092852,-0.0007848032034629693
2017-05-16,0.0023211885651094055,0.0023211885651094055,0.0,0.0,0.5,4,8,1.3310746532632136,0.0
2017-05-17,-0.014544348249973166,-0.014544348249973166,0.0,0.0,0.5,4,8,1.311715039959441,-0.014544348249973194
2017-05-18,0.006497731491530536,0.006572731491530537,7.5e-05,0.25,0.5,4,8,1.3202382120824996,-0.008141122028090475
2017-05-19,0.0019562245691576857,0.0019562245691576857,0.0,0.0,0.75,6,8,1.3228208945101163,-0.006200823321864557
2017-05-22,0.00600933370159118,0.00600933370159118,0.0,0.0,0.75,6,8,1.330770166692665,-0.00022875243683906366
2017-05-23,0.001998363320513813,0.001998363320513813,0.0,0.0,0.75,6,8,1.3334295289818177,0.0
2017-05-24,0.00430469315812293,0.00430469315812293,0.0,0.0,0.75,6,8,1.3391695339520648,0.0
2017-05-25,0.008968523909044845,0.008968523909044845,0.0,0.0,0.75,6,8,1.3511799079355784,0.0
2017-05-26,0.0012676039611827367,0.0012676039611827367,0.0,0.0,0.75,6,8,1.352892668939148,0.0
2017-05-30,0.002106154788500958,0.002106154788500958,0.0,0.0,0.75,6,8,1.3557420703121623,0.0
2017-05-31,-0.005318616000820314,-0.005318616000820314,0.0,0.0,0.75,6,8,1.3485313988440149,-0.0053186160008202865
2017-06-01,0.0014566725144559978,0.0014566725144559978,0.0,0.0,0.75,6,8,1.350495767467592,-0.0038696909681075198
2017-06-02,0.009989818046647558,0.009989818046647558,0.0,0.0,0.75,6,8,1.3639869744573607,0.0
2017-06-05,0.0022812504980932874,0.0022812504980932874,0.0,0.0,0.75,6,8,1.3670985704222345,0.0
2017-06-06,-0.0026606921053828614,-0.0026606921053828614,0.0,0.0,0.75,6,8,1.3634611420486318,-0.002660692105382889
2017-06-07,0.002848260980966938,0.002848260980966938,0.0,0.0,0.75,6,8,1.3673446352185936,0.0
2017-06-08,0.0008898399820893299,0.0008898399820893299,0.0,0.0,0.75,6,8,1.3685613531443066,0.0
2017-06-09,-0.024282108960381937,-0.024282108960381937,0.0,0.0,0.75,6,8,1.3353297972482887,-0.024282108960381965
2017-06-12,-0.008648512432342634,-0.008611012432342635,3.75e-05,0.125,0.75,6,8,1.3237811808955093,-0.03272061727149722
2017-06-13,0.01022091607524564,0.01022091607524564,0.0,0.0,0.875,7,8,1.3373114372474317,-0.022834135879313933
2017-06-14,-0.0032119523716511306,-0.0032119523716511306,0.0,0.0,0.875,7,8,1.3330160566049285,-0.025972746094073074
2017-06-15,-0.004932548657980207,-0.004932548657980207,0.0,0.0,0.875,7,8,1.3264408900438558,-0.030777182918162893
2017-06-16,0.0010276842145203746,0.0010276842145203746,0.0,0.0,0.875,7,8,1.327804052408048,-0.029781127928695028
2017-06-19,0.01712752107180887,0.01712752107180887,0.0,0.0,0.875,7,8,1.3505460442949002,-0.013163683753027011
2017-06-20,-0.005596627456833253,-0.005521627456833253,7.5e-05,0.25,0.875,7,8,1.3429875412216818,-0.018686638975935033
2017-06-21,0.005855717443530306,0.005855717443530306,0.0,0.0,0.625,5,8,1.3508516967932576,-0.01294034521021703
2017-06-22,-0.0016158766919002754,-0.0016158766919002754,0.0,0.0,0.625,5,8,1.3486688870221952,-0.014535311899907088
2017-06-23,0.00033011633229057535,0.00033011633229057535,0.0,0.0,0.625,5,8,1.3491141046486534,-0.014209993911469598
2017-06-26,-0.005397841487793297,-0.0053603414877932964,3.75e-05,0.125,0.625,5,8,1.3418318005628138,-0.019531132104586235
2017-06-27,-0.01644345778994018,-0.01640595778994018,3.75e-05,0.125,0.75,6,8,1.3197674459890598,-0.035653430548174936
2017-06-28,0.01472027093893577,0.01472027093893577,0.0,0.0,0.875,7,8,1.339194780370406,-0.021457987766810738
2017-06-29,-0.0180482132406135,-0.0180107132406135,3.75e-05,0.125,0.875,7,8,1.3150247074035646,-0.03911892266849426
2017-06-30,-0.004425375972793859,-0.004387875972793859,3.75e-05,0.125,0.75,6,8,1.3092052286597906,-0.0433711827008294
2017-07-03,-0.010453261825452725,-0.010453261825452725,0.0,0.0,0.875,7,8,1.2955197636213582,-0.053371074197830715
2017-07-05,0.013667546724429654,0.013705046724429654,3.75e-05,0.125,0.875,7,8,1.313226340523075,-0.040432979123733004
2017-07-06,-0.0043200698099984435,-0.004282569809998443,3.75e-05,0.125,0.75,6,8,1.3075531110556866,-0.044578375641290746
2017-07-07,0.0124600650071241,0.0124600650071241,0.0,0.0,0.875,7,8,1.3238453078197077,-0.03267376009256917
2017-07-10,0.013854233470639743,0.013854233470639743,0.0,0.0,0.875,7,8,1.342186169793253,-0.01927219652261558
2017-07-11,0.0019883760342288004,0.0019883760342288004,0.0,0.0,0.875,7,8,1.3448549406067432,-0.017322140862079283
2017-07-12,0.014295878479052462,0.014295878479052462,0.0,0.0,0.875,7,8,1.3640808234096107,-0.003273897603787934
2017-07-13,0.0011769146186227097,0.0011769146186227097,0.0,0.0,0.875,7,8,1.3656862300716643,-0.002100836083114954
2017-07-14,0.005949104113865941,0.005949104113865941,0.0,0.0,0.875,7,8,1.3738108396412338,0.0
2017-07-17,-0.00015072528401077756,-0.00015072528401077756,0.0,0.0,0.875,7,8,1.373603771612252,-0.00015072528401061103
2017-07-18,0.007727723343620199,0.007802723343620199,7.5e-05,0.25,0.875,7,8,1.3842186015430247,0.0
2017-07-19,0.0024217724738468532,0.0024217724738468532,0.0,0.0,0.625,5,8,1.3875708640500284,0.0
2017-07-20,0.0023226668057778066,0.0023226668057778066,0.0,0.0,0.625,5,8,1.390793728836622,0.0
2017-07-21,-0.0014515884175889532,-0.0014515884175889532,0.0,0.0,0.625,5,8,1.3887748687685872,-0.001451588417588967
2017-07-24,0.0016178132944858342,0.0016178132944858342,0.0,0.0,0.625,5,8,1.3910216472143289,0.0
2017-07-25,0.002948616978607793,0.002948616978607793,0.0,0.0,0.625,5,8,1.395123237260916,0.0
2017-07-26,0.0016332068470110706,0.0016332068470110706,0.0,0.0,0.625,5,8,1.3974017620844348,0.0
2017-07-27,-0.0033057503557770568,-0.0033057503557770568,0.0,0.0,0.625,5,8,1.3927823007122606,-0.0033057503557770707
2017-07-28,-0.00019992432717927389,-0.00019992432717927389,0.0,0.0,0.625,5,8,1.3925038496478834,-0.003505013783040689
2017-07-31,-0.00781602474023041,-0.00781602474023041,0.0,0.0,0.625,5,8,1.3816200051081695,-0.011293643248827978
2017-08-01,0.006688599968220549,0.006688599968220549,0.0,0.0,0.625,5,8,1.3908611086304288,-0.0046805819424827755
2017-08-02,-0.0024361522269546743,-0.0024361522269546743,0.0,0.0,0.625,5,8,1.387472759243254,-0.007105331559314809
2017-08-03,-0.0013695120028139884,-0.0013695120028139884,0.0,0.0,0.625,5,8,1.385572598645893,-0.008465112725274282
2017-08-04,0.005353674629027884,0.005391174629027884,3.75e-05,0.125,0.625,5,8,1.3929905035139398,-0.00315675755547562
2017-08-07,0.007577921840471805,0.007577921840471805,0.0,0.0,0.75,6,8,1.4035464766740882,0.0
2017-08-08,-0.0009655539583930256,-0.0009655539583930256,0.0,0.0,0.75,6,8,1.402191276817747,-0.0009655539583930395
2017-08-09,-0.0002842554143396153,-0.0002842554143396153,0.0,0.0,0.75,6,8,1.4017926963553717,-0.0012495349087920937
2017-08-10,-0.020722421663554966,-0.020722421663554966,0.0,0.0,0.75,6,8,1.3727441570166041,-0.021946063183083675
2017-08-11,-0.0024092881928616666,-0.0024092881928616666,0.0,0.0,0.75,6,8,1.3694368207272842,-0.024302476985038513
2017-08-14,0.020627483726994272,0.020627483726994272,0.0,0.0,0.75,6,8,1.397684856461983,-0.00417629220657878
2017-08-15,5.371531305913002e-05,5.371531305913002e-05,0.0,0.0,0.75,6,8,1.3977599335416058,-0.004122801224363037
2017-08-16,-0.0038799481346458997,-0.0038799481346458997,0.0,0.0,0.75,6,8,1.3923366974947782,-0.007986753104089028
2017-08-17,-0.014671175992241783,-0.014671175992241783,0.0,0.0,0.75,6,8,1.3719094807653756,-0.02254075403593414
2017-08-18,-0.00011102675086735458,-0.00011102675086735458,0.0,0.0,0.75,6,8,1.371757162113242,-0.022649278160118747
2017-08-21,-0.004342230007478483,-0.004304730007478483,3.75e-05,0.125,0.75,6,8,1.3658006770009405,-0.02689315979232254
2017-08-22,0.01025535423417892,0.01025535423417892,0.0,0.0,0.625,5,8,1.3798074467568666,-0.016913604438290264
2017-08-23,0.000851460297195808,0.000851460297195808,0.0,0.0,0.625,5,8,1.3809822980155553,-0.016076545403756137
2017-08-24,-0.0013640293903600942,-0.0013640293903600942,0.0,0.0,0.625,5,8,1.379098597573495,-0.017418645913690023
2017-08-25,-0.001782865324645444,-0.001782865324645444,0.0,0.0,0.625,5,8,1.376639850504614,-0.019170456138533742
2017-08-28,0.002589753225957059,0.002589753225957059,0.0,0.0,0.625,5,8,1.3802050079984394,-0.016630349663204536
2017-08-29,0.0011554104937238907,0.0011554104937238907,0.0,0.0,0.625,5,8,1.381799711348171,-0.015494154049995768
2017-08-30,0.005652371594293576,0.005652371594293576,0.0,0.0,0.625,5,8,1.3896101567855985,-0.009929361171931994
2017-08-31,0.0062305989604153345,0.0062305989604153345,0.0,0.0,0.625,5,8,1.3982682603838497,-0.003760628078911976
2017-09-01,0.00044830640808787435,0.00048580640808787434,3.75e-05,0.125,0.625,5,8,1.3988951130052054,-0.0033140075844904082
2017-09-05,-0.006340169014082714,-0.006340169014082714,0.0,0.0,0.5,4,8,1.390025881555778,-0.009633165230373608
2017-09-06,0.00044004519454129976,0.00044004519454129976,0.0,0.0,0.5,4,8,1.3906375557652446,-0.009197359063900179
2017-09-07,0.002493006930180619,0.002493006930180619,0.0,0.0,0.5,4,8,1.394104424829137,-0.0067272812136051074
2017-09-08,-0.0064435560148673465,-0.0064435560148673465,0.0,0.0,0.5,4,8,1.385121434877176,-0.01312748961514476
2017-09-11,0.009506289055747602,0.009506289055747602,0.0,0.0,0.5,4,8,1.3982887996144304,-0.0037459942702550153
2017-09-12,-0.0005741647397128485,-0.0005741647397128485,0.0,0.0,0.5,4,8,1.3974859514897564,-0.004318008192142675
2017-09-13,0.0005720121867130445,0.0005720121867130445,0.0,0.0,0.5,4,8,1.3982853304847687,-0.003748465958738012
2017-09-14,-0.004025310287911518,-0.004025310287911518,0.0,0.0,0.5,4,8,1.3926567981585325,-0.007758687508061968
2017-09-15,0.010566436900580678,0.010566436900580678,0.0,0.0,0.5,4,8,1.4073722183404394,0.0
2017-09-18,0.0027814406466106084,0.0027814406466106084,0.0,0.0,0.5,4,8,1.4112867406334422,0.0
2017-09-19,0.0022251230353906304,0.0022251230353906304,0.0,0.0,0.5,4,8,1.4144270272695671,0.0
2017-09-20,-0.004184291484404912,-0.004184291484404912,0.0,0.0,0.5,4,8,1.4085086523040509,-0.004184291484404912
2017-09-21,-0.007550619492328617,-0.007550619492328617,0.0,0.0,0.5,4,8,1.3978735394188504,-0.011703316983889822
2017-09-22,-0.002518974751382047,-0.002518974751382047,0.0,0.0,0.5,4,8,1.3943523312674293,-0.014192811375282055
2017-09-25,-0.014243076164999702,-0.014243076164999702,0.0,0.0,0.5,4,8,1.3744924648123424,-0.028233738246868034
2017-09-26,0.003880630322271539,0.003880630322271539,0.0,0.0,0.5,4,8,1.379826361949027,-0.024462672625348403
2017-09-27,0.007278294916448408,0.007278294916448408,0.0,0.0,0.5,4,8,1.3898691451447822,-0.017362424254711684
2017-09-28,-2.642655122108285e-05,1.1073448778917139e-05,3.75e-05,0.125,0.5,4,8,1.3898324156966275,-0.017388391976938866
2017-09-29,0.004977859017492592,0.004977859017492592,0.0,0.0,0.625,5,8,1.3967508055199063,-0.012497089923248494
2017-10-02,0.0004678080667116641,0.0004678080667116641,0.0,0.0,0.625,5,8,1.3974042168139147,-0.012035128096013259
2017-10-03,0.0017488814118212376,0.0017488814118212376,0.0,0.0,0.625,5,8,1.399848111073501,-0.010307294696008107
2017-10-04,-0.0009727101330706338,-0.0008977101330706339,7.5e-05,0.25,0.625,5,8,1.3984864646311,-0.011269978819083426
2017-10-05,0.008571583279330466,0.008609083279330465,3.75e-05,0.125,0.625,5,8,1.4104737078277019,-0.002794997101757013
2017-10-06,0.003744170075770964,0.003744170075770964,0.0,0.0,0.75,6,8,1.4157547612772121,0.0
2017-10-09,0.0013672834727765232,0.0013672834727765232,0.0,0.0,0.75,6,8,1.417690499363811,0.0
2017-10-10,0.0009832204049780024,0.0009832204049780024,0.0,0.0,0.75,6,8,1.4190844015907291,0.0
2017-10-11,0.006297236552394503,0.006297236552394503,0.0,0.0,0.75,6,8,1.4280207117553592,0.0
2017-10-12,-0.0009519584351783683,-0.0009519584351783683,0.0,0.0,0.75,6,8,1.4266612953931943,-0.0009519584351783683
2017-10-13,0.006167705374793192,0.006167705374793192,0.0,0.0,0.75,6,8,1.4354605219328005,0.0
2017-10-16,0.005425524376892893,0.005425524376892893,0.0,0.0,0.75,6,8,1.4432486479866142,0.0
2017-10-17,0.0009650462502243801,0.0009650462502243801,0.0,0.0,0.75,6,8,1.444641449682495,0.0
2017-10-18,0.0014983611140468311,0.0014983611140468311,0.0,0.0,0.75,6,8,1.4468060442544397,0.0
2017-10-19,-0.0023473605715465112,-0.0023473605715465112,0.0,0.0,0.75,6,8,1.4434098687914816,-0.0023473605715466084
2017-10-20,0.004792278934024448,0.004829778934024448,3.75e-05,0.125,0.75,6,8,1.450327091498854,0.0
2017-10-23,-0.009881857323722057,-0.009881857323722057,0.0,0.0,0.875,7,8,1.4359951661079335,-0.009881857323722043
2017-10-24,0.006023016659711944,0.006023016659711944,0.0,0.0,0.875,7,8,1.4446441889166675,-0.003918359255299708
2017-10-25,-0.0042473097154736295,-0.0042473097154736295,0.0,0.0,0.875,7,8,1.4385083376176793,-0.008149026485439581
2017-10-26,0.0018482715810205358,0.0018482715810205358,0.0,0.0,0.875,7,8,1.4411670916971593,-0.006315816518484896
2017-10-27,0.04535101537294545,0.04538851537294544,3.75e-05,0.125,0.875,7,8,1.5065254826277004,0.0
2017-10-30,0.001514352115603218,0.001514352115603218,0.0,0.0,0.75,6,8,1.5088068926795277,0.0
2017-10-31,-0.0001243496971841257,-0.0001243496971841257,0.0,0.0,0.75,6,8,1.5086192729993138,-0.00012434969718411182
2017-11-01,0.004925749654083239,0.004925749654083239,0.0,0.0,0.75,6,8,1.5160503538614336,0.0
2017-11-02,-0.00041424746060582385,-0.00041424746060582385,0.0,0.0,0.75,6,8,1.515422333852196,-0.00041424746060580997
2017-11-03,0.0032611037606462973,0.0032611037606462973,0.0,0.0,0.75,6,8,1.5203642833240887,0.0
2017-11-06,-5.480816271025146e-05,-5.480816271025146e-05,0.0,0.0,0.75,6,8,1.5202809549510694,-5.480816271019595e-05
2017-11-07,0.0006924356385993591,0.0006924356385993591,0.0,0.0,0.75,6,8,1.5213336516649614,0.0
2017-11-08,-0.002044414866778796,-0.002044414866778796,0.0,0.0,0.75,6,8,1.5182234145301667,-0.0020444148667787543
2017-11-09,-0.006851518005840163,-0.006851518005840163,0.0,0.0,0.75,6,8,1.5078212794686252,-0.008881925527347678
2017-11-10,0.004956424577206256,0.004956424577206256,0.0,0.0,0.75,6,8,1.515294681916218,-0.00396952354411817
2017-11-13,-0.0028772869302824827,-0.0028772869302824827,0.0,0.0,0.75,6,8,1.5109347443324141,-0.006835389016187632
2017-11-14,-7.38146811215118e-05,-7.38146811215118e-05,0.0,0.0,0.75,6,8,1.5108232151660659,-0.006908699145248498
2017-11-15,-0.0027919575339819163,-0.002754457533981916,3.75e-05,0.125,0.75,6,8,1.5066050609079682,-0.009681367884601833
2017-11-16,0.006680760259475116,0.006680760259475116,0.0,0.0,0.875,7,8,1.5166703281256064,-0.0030652865229473525
2017-11-17,-0.006231548886626165,-0.006231548886626165,0.0,0.0,0.875,7,8,1.5072191228309963,-0.00927773392675435
2017-11-20,0.0018273600207564383,0.0018273600207564383,0.0,0.0,0.875,7,8,1.5099733547985772,-0.007467327666058954
2017-11-21,0.011278557310310813,0.011278557310310813,0.0,0.0,0.875,7,8,1.5270036758177155,0.0
2017-11-22,-0.000882196808814642,-0.000882196808814642,0.0,0.0,0.875,7,8,1.525656558047861,-0.0008821968088146281
2017-11-24,0.0035128611513979696,0.0035128611513979696,0.0,0.0,0.875,7,8,1.5310159777010028,0.0
2017-11-27,0.002299698629066718,0.002299698629066718,0.0,0.0,0.875,7,8,1.534536853046001,0.0
2017-11-28,0.0014671264929636413,0.0014671264929636413,0.0,0.0,0.875,7,8,1.5367882127175339,0.0
2017-11-29,-0.02159559153000053,-0.02155809153000053,3.75e-05,0.125,0.875,7,8,1.5036003622075664,-0.02159559153000057
2017-11-30,0.00818989452388845,0.00818989452388845,0.0,0.0,1.0,8,8,1.515914690580127,-0.013582562622923677
2017-12-01,-0.00835759627468148,-0.00835759627468148,0.0,0.0,1.0,8,8,1.5032452876093998,-0.02182664132282708
2017-12-04,-0.01700585700630952,-0.01700585700630952,0.0,0.0,1.0,8,8,1.4776813132029056,-0.038461317587872634
2017-12-05,0.004428672398097536,0.004428672398097536,0.0,0.0,1.0,8,8,1.4842254796478718,-0.03420297776537107
2017-12-06,0.007850688409789013,0.007888188409789013,3.75e-05,0.125,1.0,8,8,1.495877671418457,-0.026620806276704823
2017-12-07,0.0080769729209451,0.0080769729209451,0.0,0.0,0.875,7,8,1.5079598348635503,-0.01875884888719037
2017-12-08,0.003941266442275784,0.003941266442275784,0.0,0.0,0.875,7,8,1.5139031063569979,-0.014891516066529276
2017-12-11,0.00644531984681547,0.00644531984681547,0.0,0.0,0.875,7,8,1.5236606960945562,-0.008542176803766566
2017-12-12,-0.0029074266269907972,-0.0029074266269907972,0.0,0.0,0.875,7,8,1.5192307644162315,-0.011424767678465675
2017-12-13,-0.0037452248989268133,-0.0037452248989268133,0.0,0.0,0.875,7,8,1.5135409035301242,-0.015127204253018722
2017-12-14,0.000526836453638449,0.000526836453638449,0.0,0.0,0.875,7,8,1.5143382920521766,-0.014608337362022383
2017-12-15,0.013982860770633931,0.013982860770633931,0.0,0.0,0.875,7,8,1.5355130735495817,-0.0008297429388122168
2017-12-18,0.010568894714527734,0.010606394714527734,3.75e-05,0.125,0.875,7,8,1.551741749556708,0.0
2017-12-19,-0.00598871502525071,-0.00598871502525071,0.0,0.0,1.0,8,8,1.5424488104258292,-0.005988715025250557
2017-12-20,-0.0036024717272001338,-0.0035649717272001336,3.75e-05,0.125,1.0,8,8,1.5368921821956165,-0.009569612575890063
2017-12-21,0.0008023745113361347,0.0008023745113361347,0.0,0.0,0.875,7,8,1.538125345309282,-0.00877491647776818
2017-12-22,-0.0012357617400285958,-0.0012357617400285958,0.0,0.0,0.875,7,8,1.5362245888561805,-0.00999983451174169
2017-12-26,-0.004455797328981756,-0.004455797328981756,0.0,0.0,0.875,7,8,1.5293794834364391,-0.014411074604815721
2017-12-27,0.00047342568354118153,0.00047342568354118153,0.0,0.0,0.875,7,8,1.530103530963779,-0.013944471494119814
2017-12-28,0.000630125206377577,0.000630125206377577,0.0,0.0,0.875,7,8,1.5310676877670066,-0.013323133050720193
2017-12-29,-0.006076391716554205,-0.006076391716554205,0.0,0.0,0.875,7,8,1.5217643207515754,-0.019318568191966534
